semg_rms,semg_std,semg_max,angle_mean,angle_std,angle_range,amg_rms,amg_std
167.1503,167.1503,3414.3315,62.747303,36.380745,94.94534,18.794123,18.794123
175.73645,175.73647,2652.9263,61.78222,35.272274,93.34094,20.654322,20.654324
171.80411,171.8041,2468.3215,62.254173,34.87905,91.76338,20.784195,20.784197
161.2051,161.2051,3159.8389,61.73834,34.347343,91.4964,18.599264,18.599264
170.97314,170.97314,2593.3438,60.176044,35.748486,94.718185,18.959715,18.959715
168.01753,168.01753,2396.6807,60.28026,35.514774,93.59397,18.790863,18.790863
162.85707,162.85707,2440.0908,59.88944,35.84007,91.35455,17.959433,17.959435
176.36205,176.36205,3072.9595,59.937714,36.232952,91.97121,19.335663,19.335667
240.99973,240.99973,3413.029,53.633694,35.23027,103.60017,18.571085,18.571087
227.27606,227.27606,2604.4197,53.677967,35.543,107.14778,18.419931,18.41993
205.7003,205.7003,3126.1985,53.77424,34.53013,101.72603,16.40047,16.40047
144.62907,144.62907,2518.8105,52.742718,33.887363,92.57156,13.501807,13.501808
122.33674,122.33675,3524.8982,53.531433,32.009705,106.86459,89.85659,89.8566
125.969635,125.969635,3660.9583,53.415806,31.1168,101.74841,72.27411,72.27412
125.55975,125.55975,3947.1973,53.204117,31.36217,98.65445,77.93244,77.932434
127.142395,127.142395,3731.9575,53.29881,31.14025,99.39725,82.220566,82.220566
104.293724,104.293724,777.2933,60.77418,33.632267,96.43673,21.921125,21.921124
94.94161,94.94162,732.0616,60.780003,33.91927,100.09875,24.021538,24.021538
88.21149,88.21149,790.7856,60.327232,33.82127,98.748764,23.940258,23.940258
98.00238,98.00239,817.8834,60.64444,34.174397,98.05869,25.733429,25.733433
125.9639,125.9639,862.7485,60.970745,31.628748,96.2174,19.508324,19.508326
125.961464,125.961464,886.3309,59.696247,33.064297,97.35097,20.39027,20.390272
150.92859,150.92859,981.0572,59.20475,33.846466,97.70991,23.066559,23.06656
127.04704,127.04704,866.2198,59.239994,34.083656,98.041145,22.022518,22.022516
120.81016,120.81016,1069.9784,51.86528,33.553944,105.467964,25.384153,25.384157
103.458916,103.45892,873.2277,52.096066,33.661106,104.77664,21.435427,21.435425
98.30575,98.30575,886.04474,51.829357,34.37868,103.968445,23.494516,23.494518
121.50036,121.50036,954.08276,51.761143,35.12711,106.4149,23.545368,23.545368
83.01353,83.01353,720.79663,54.677177,30.104736,111.54427,51.022694,51.022694
99.63032,99.63032,1450.2961,53.86925,30.217657,109.8002,43.402626,43.40262
82.91735,82.91734,910.3146,53.833977,30.848677,112.78777,50.756718,50.75672
112.3692,112.3692,1134.2344,53.49751,30.605068,114.76884,49.72478,49.724785
54.52723,54.52723,881.2818,56.926083,42.467876,104.439735,30.91352,30.913519
66.15414,66.15414,1518.1742,56.405468,41.22192,102.36773,32.45691,32.456913
53.76449,53.76449,885.1442,56.018383,41.73679,103.246826,26.764086,26.764086
56.244297,56.244297,1567.1881,56.42993,42.09093,103.13633,28.368902,28.368904
69.54499,69.54499,1487.1735,56.292267,42.0372,102.254776,30.672115,30.672115
56.18853,56.18853,855.42126,56.38983,41.962315,103.1115,27.85625,27.856249
61.130386,61.130386,1391.4393,56.102734,42.836277,103.223335,34.270054,34.270054
60.261578,60.261578,1411.133,56.244232,42.73009,103.48505,24.176584,24.176586
97.21143,97.21143,1912.2545,54.50221,28.552622,85.08042,21.919226,21.919222
108.38238,108.38238,2034.2563,54.256805,28.647196,83.02224,22.792915,22.792915
99.9994,99.9994,1905.734,54.42671,28.444855,80.72346,21.874596,21.874594
101.62061,101.620605,2396.3123,54.581993,28.813147,82.38443,24.44272,24.442719
67.36263,67.36263,1432.1184,53.558697,35.534718,128.37141,92.83756,92.83756
62.40089,62.40089,1105.816,54.13093,34.901314,123.76952,87.085556,87.085556
57.03144,57.03144,1268.9347,53.97771,35.39415,128.2994,89.43571,89.43571
56.7227,56.7227,1247.4569,53.327904,36.193188,125.76773,95.42643,95.42644
144.53827,144.53827,1473.0062,68.199066,33.65194,103.33665,24.844275,24.844273
141.96222,141.96222,1820.7454,66.25907,38.434635,105.25325,30.01733,30.017332
138.31148,138.31148,1572.7345,66.63579,38.23716,103.94053,29.089428,29.089428
128.6049,128.6049,1540.9424,64.16298,36.0377,107.79301,29.75571,29.755709
134.92543,134.92543,1628.6573,62.98349,35.24895,98.144806,30.742897,30.742897
133.20454,133.20454,1630.0262,62.58188,37.55533,100.08086,27.30567,27.30567
126.682335,126.682335,1474.9113,64.325874,34.931824,102.65358,28.707869,28.707869
128.52585,128.52585,1803.9674,64.37947,37.125675,99.886284,24.188913,24.188915
144.6533,144.6533,1587.5323,57.889988,37.06492,112.2761,16.914818,16.91482
136.8804,136.88039,1287.8217,58.21772,37.324154,113.715004,18.923355,18.923359
126.06309,126.06309,1391.7913,58.294395,37.845074,114.55866,19.983343,19.983345
136.67633,136.67632,1953.1519,58.522305,38.731293,116.406845,21.2343,21.234303
102.18992,102.18992,1786.1083,58.98929,29.010515,102.00968,70.558495,70.55849
99.83381,99.83381,1629.0437,59.003696,29.645508,103.20192,101.4044,101.404396
106.53144,106.53145,1571.4595,58.568066,29.296978,98.63088,113.24951,113.24951
99.99551,99.99551,2122.8657,58.25968,29.890564,97.635185,131.32414,131.32414
144.00305,144.00305,2622.2727,59.517586,38.61204,100.45967,19.734123,19.734121
160.24443,160.24443,2486.0151,58.929897,38.831825,99.606415,22.35963,22.359627
161.68987,161.68987,2786.4167,58.97298,38.33538,98.01563,20.971153,20.971153
131.84882,131.84882,2491.6052,58.680153,38.051476,96.63258,19.601633,19.601633
159.72458,159.7246,2968.634,58.033016,39.582664,95.02721,21.60096,21.60096
254.2776,254.2776,4171.0854,58.746857,39.040535,97.61421,20.379013,20.379011
208.38318,208.38318,3267.9983,58.848324,38.878475,99.92473,19.099283,19.099281
205.21667,205.2167,3378.1216,58.951675,38.7427,99.08284,18.244207,18.244204
157.16617,157.16617,3613.4995,56.01039,35.53379,109.21925,21.757097,21.757095
136.79709,136.79709,2398.927,54.63371,35.865017,106.84996,20.502796,20.50279
148.38176,148.38176,3418.0122,54.47492,35.705425,109.425385,18.764503,18.764503
117.07315,117.07316,2541.797,54.3385,37.1025,106.36485,19.906399,19.906403
142.85597,142.85597,3273.443,55.79006,34.549168,98.70795,77.99985,77.99984
137.17667,137.17667,3613.1082,54.921696,35.06858,100.026024,73.56592,73.56591
136.13316,136.13316,2235.6611,54.78091,34.883713,102.15887,67.76575,67.76575
143.91869,143.91869,2874.6292,54.835094,34.98536,100.89056,74.68946,74.68946
89.32841,89.32841,859.611,60.497707,30.95084,96.24923,18.641577,18.641573
83.44798,83.44798,691.1308,60.192905,31.340475,94.32257,19.513409,19.51341
78.66044,78.66044,586.97046,60.382492,30.606623,90.94719,20.693342,20.693346
85.48629,85.48629,1152.1813,60.219368,30.472248,91.68979,19.493853,19.49385
70.049484,70.049484,624.60913,59.121544,30.445217,87.49718,18.853891,18.853891
69.74138,69.74138,632.4229,59.221092,30.744507,88.81592,19.890781,19.890781
71.0054,71.0054,643.23553,59.20814,29.69682,86.785934,17.40428,17.40428
67.18589,67.18589,577.8906,58.660984,30.903553,88.59813,19.445469,19.445473
99.20924,99.20924,922.271,53.20329,26.577919,86.49014,10.79909,10.7990885
107.05318,107.05318,1333.7964,52.523136,25.579086,81.67789,10.469223,10.469222
101.41848,101.41849,967.06067,52.49229,25.475025,79.68586,9.752809,9.752808
90.92829,90.92829,1214.2239,52.46981,25.700342,80.02641,9.631237,9.631237
78.010765,78.010765,1009.7738,54.38804,28.253035,108.062515,77.44524,77.44522
77.77125,77.77125,1034.7877,54.290325,28.815159,108.950455,80.07855,80.07855
76.21249,76.21248,1128.9198,53.963917,29.074728,109.0512,79.38235,79.38234
69.944534,69.944534,1145.4574,53.842766,29.281315,110.062515,69.98773,69.98775
148.66473,148.66473,2480.2842,60.648094,33.367424,96.19593,22.083443,22.083445
145.20953,145.20953,1491.1769,60.344707,34.23671,94.680984,23.180056,23.180056
124.177895,124.177895,1256.101,59.78826,34.423462,93.80899,23.471445,23.471443
116.60603,116.606026,1396.6359,59.192448,34.61096,92.39022,22.281116,22.28112
115.962944,115.962944,1507.3745,58.553673,34.93621,92.977135,19.418148,19.418148
105.98523,105.98523,1559.7485,58.612274,33.97096,89.78136,16.784687,16.784687
100.5303,100.5303,1564.2996,58.676857,33.801624,89.63453,16.652845,16.652845
107.91288,107.91288,1249.3833,58.93857,32.657394,86.439514,16.725708,16.725706
102.45193,102.45193,1068.1722,54.40764,31.540892,96.01452,12.321606,12.321606
106.226524,106.226524,1351.6421,54.377518,32.215927,96.385056,13.785779,13.785779
113.49013,113.49012,1472.8386,54.396217,31.922419,96.38184,13.187727,13.187727
110.2727,110.272705,1305.9946,54.6913,31.803244,95.32376,12.845932,12.845932
90.56799,90.567986,1366.177,53.884686,28.422314,97.02759,65.7588,65.758804
89.9524,89.9524,1584.9114,53.78944,27.805973,94.94574,65.991135,65.991135
90.10841,90.10841,1368.4421,53.543465,28.17327,97.21998,70.70221,70.70221
87.973404,87.973404,1605.8145,53.273643,27.887262,93.90874,77.74378,77.74378
199.05927,199.05927,2312.0244,59.54435,32.32705,98.617294,33.54793,33.54793
187.30862,187.30864,2315.1057,58.55597,32.242474,95.243126,34.614666,34.614666
166.07925,166.07925,1980.5736,58.030506,31.971437,89.693954,32.28918,32.28918
152.57904,152.57904,2194.5715,57.44077,30.480669,90.39072,32.5271,32.527096
197.81277,197.81277,2654.1719,57.78853,32.748013,93.391975,30.961044,30.96105
212.34436,212.34436,3215.2153,58.550472,32.75217,92.246895,29.774647,29.774645
188.15843,188.15843,2032.1007,58.98689,32.870102,95.05235,30.74467,30.74467
174.27406,174.27406,2703.7673,58.9709,32.976814,91.28154,28.77173,28.77173
152.22586,152.22586,1704.7811,,,,29.895473,29.895473
131.24823,131.24823,1650.3519,51.070675,27.448118,89.63119,29.430193,29.430191
130.22537,130.22537,1596.5554,51.316242,27.350029,92.760956,29.319105,29.319107
138.88799,138.88799,1956.7385,51.13053,26.920105,89.30658,32.236057,32.23606
111.68836,111.68836,1818.523,52.25798,27.175552,104.8367,102.04966,102.04966
112.983604,112.9836,1317.569,52.080784,27.223656,101.024124,108.569885,108.56989
119.67537,119.67536,1509.3988,52.207726,27.023315,101.943146,107.21853,107.21853
113.431854,113.431854,1428.4796,52.238064,26.683916,98.62987,106.95436,106.95437
96.38524,96.38524,1930.3916,57.6404,35.996693,90.77901,22.017609,22.017609
94.65005,94.65003,1860.5796,57.381077,36.078186,90.31958,19.317877,19.317875
98.55578,98.55578,1806.8456,57.77616,35.452114,91.84257,25.648426,25.648428
90.39275,90.39276,2929.1714,57.268845,35.898754,90.42078,26.557898,26.557898
92.481064,92.48106,2003.893,57.9833,35.41485,91.25404,17.399738,17.399738
92.32303,92.32303,1854.7549,57.484608,35.817154,92.631165,19.117603,19.117607
97.35093,97.35093,1810.4167,57.51457,36.31594,90.77756,22.521458,22.521458
88.84043,88.84043,1571.3007,57.24423,36.16674,88.33801,19.041227,19.041225
84.77855,84.77855,1217.146,55.356422,28.427494,87.37043,17.061592,17.061592
90.57127,90.57127,1633.5953,54.982998,29.835003,93.6565,18.912155,18.912155
95.56534,95.56534,1618.789,54.883606,25.766022,79.33179,17.41182,17.411816
84.04912,84.04912,1222.2847,54.13966,30.326384,90.54329,18.998816,18.998814
83.383835,83.38383,1324.9221,56.321632,30.456718,102.8312,71.48924,71.489235
87.35086,87.35086,1416.3341,56.299248,30.419847,102.03815,65.589874,65.58987
86.783844,86.783844,1728.9037,56.296314,29.907093,102.092316,67.50044,67.50045
88.71862,88.71861,1614.0437,56.372437,28.947899,102.26869,65.18931,65.18931
107.69697,107.69697,1568.2025,62.321747,32.823154,96.66229,27.962605,27.962606
109.697464,109.697464,1370.5756,62.514744,33.51506,96.76417,27.10502,27.10502
101.94177,101.94177,1378.6033,62.526863,33.509274,98.312065,26.253107,26.253107
104.74803,104.74803,1666.5327,62.12866,33.749252,96.10933,32.856297,32.8563
122.89192,122.89192,1520.0138,63.80959,33.26411,102.18586,18.305996,18.305998
132.3326,132.3326,1252.923,63.903954,33.789623,104.22522,21.57365,21.57365
128.79341,128.79341,1216.2375,63.592896,34.55603,105.72737,22.341055,22.341051
120.35729,120.3573,1338.3407,62.88756,34.861263,103.53053,21.336536,21.33654
108.07978,108.07978,1404.012,51.97814,30.996973,100.45514,14.708607,14.708607
102.0898,102.0898,1176.5817,52.155075,32.078213,101.34122,17.137665,17.137665
101.33792,101.33792,1243.5165,52.45203,33.21276,102.364716,17.36873,17.36873
93.60318,93.60317,1381.3687,52.410362,34.69499,103.539406,20.891876,20.891876
110.87814,110.87814,1615.7169,54.059284,29.416298,105.40205,58.97481,58.974808
103.108376,103.108376,1809.1108,53.921852,28.924252,104.30835,61.688328,61.688324
101.53613,101.53613,1814.9176,53.89937,29.546509,101.89043,60.936592,60.936596
103.16086,103.16086,1119.9685,53.69645,29.451635,104.49991,74.322426,74.32243
58.89357,58.89357,1013.9256,64.59484,37.845886,92.75919,25.93072,25.93072
54.309364,54.309364,1162.8262,64.36783,37.797707,95.15791,28.635553,28.635555
50.469036,50.469036,1104.7952,64.40907,37.584084,93.69964,26.247692,26.247694
55.685448,55.685448,975.8759,64.55711,38.43393,95.319885,27.83874,27.83874
92.45897,92.45897,2194.4646,63.267056,37.29471,99.25861,32.508636,32.508636
74.545265,74.545265,1195.2323,63.17903,36.847534,95.98536,30.087572,30.087572
59.969776,59.969776,1027.1104,62.615356,37.317856,93.98909,31.993694,31.993696
63.048367,63.048367,991.6093,62.720993,36.97688,93.580666,29.664696,29.664696
86.69221,86.69221,2898.6057,61.491325,25.927492,81.70621,15.0680685,15.0680685
62.751034,62.751034,757.97253,61.341465,26.14781,80.39368,13.75974,13.75974
68.17679,68.17679,982.682,61.554718,25.199623,78.29532,15.064697,15.064696
70.6443,70.64431,1456.839,61.70486,24.256577,76.676865,14.349416,14.349418
113.22177,113.22177,3533.4292,61.612286,31.869488,101.379486,77.56732,77.56732
90.97919,90.97919,2341.6084,61.872177,32.37059,101.74746,73.96728,73.96728
98.56992,98.56992,3324.023,61.343216,31.844522,98.95922,83.43731,83.43732
92.8168,92.8168,2206.3699,61.456882,31.60554,100.50195,75.30544,75.30544
44.178993,44.178993,494.58978,63.011246,35.717545,96.9775,18.87737,18.87737
45.982246,45.982246,733.99255,62.90557,36.48179,97.40852,17.410492,17.410492
42.536846,42.536846,496.80923,62.04268,37.557293,96.466415,19.6151,19.615099
43.65793,43.65793,461.35043,62.416336,37.60142,97.30094,21.708124,21.70812
48.385185,48.385185,593.1767,62.445457,35.619583,95.83807,20.182823,20.182825
47.7723,47.7723,567.082,62.400196,33.994194,94.27149,21.332787,21.332788
47.261482,47.261482,872.60754,61.50942,37.013687,94.45034,25.405819,25.405813
53.522675,53.52267,887.42285,61.781277,37.260406,96.48264,20.814684,20.814684
50.03329,50.03329,694.4836,58.449112,28.342073,91.471275,13.595398,13.595397
48.985622,48.985626,713.607,58.596783,29.038513,90.75534,13.409963,13.409961
47.59924,47.59924,628.68494,59.000397,28.425621,87.688835,13.993931,13.993932
51.595394,51.595394,564.44434,58.83421,27.910694,90.43712,14.848081,14.848082
57.94114,57.94114,1057.0413,59.62902,30.689568,113.01478,90.43534,90.43535
55.311317,55.311317,850.37823,59.347507,30.765089,108.03608,89.50926,89.509254
52.1953,52.1953,950.3682,59.43434,29.940582,113.3557,97.83499,97.83499
50.6186,50.618603,1038.8202,58.939743,31.471138,109.81315,100.56469,100.56468
146.97974,146.97975,2717.4092,65.25307,34.131977,100.73974,38.69599,38.69599
162.78764,162.78766,2295.633,65.681885,32.235756,102.142166,33.510925,33.510925
135.88388,135.8839,2312.4468,65.81617,35.77233,109.37949,36.293385,36.293385
131.82503,131.82503,2668.1792,65.1502,35.782047,106.4351,47.835125,47.835125
157.32433,157.32431,2850.7207,64.19104,34.248272,102.14793,32.722042,32.72204
144.39491,144.39493,1746.2726,64.335014,34.639435,100.740234,32.721832,32.72183
150.66742,150.66742,2395.3801,64.49727,35.28935,100.11593,32.31161,32.31161
125.792496,125.792496,1413.1671,64.66562,35.33926,103.78976,30.771795,30.771797
105.960335,105.96034,2110.9314,57.571007,30.46016,93.815384,25.469864,25.469868
95.60125,95.60125,1722.0614,57.56721,31.156052,95.742805,24.905102,24.905102
108.899284,108.899284,1765.4393,57.514217,28.383636,87.09408,23.186493,23.186495
100.7728,100.7728,1853.6746,57.799103,28.93506,88.30117,21.47349,21.473488
112.2986,112.2986,1893.4652,58.54832,27.260468,107.83617,80.80793,80.80793
103.93548,103.93547,1775.4542,58.404858,26.755445,109.82678,82.20349,82.20349
103.238686,103.23869,1402.7019,58.510124,27.551403,109.37614,75.56804,75.56804
101.665085,101.665085,1773.1385,58.718838,26.403864,106.490974,81.04853,81.04852
200.43346,200.43346,3874.3755,63.375057,35.559692,93.18025,25.701796,25.701797
202.33894,202.33894,4186.074,63.721226,35.37809,94.8817,28.854113,28.854113
153.10104,153.10104,3347.4163,62.046173,36.649075,94.73592,26.255457,26.255457
158.14934,158.14934,4340.0317,62.38728,36.09912,93.885124,29.911505,29.911507
179.91704,179.91704,3426.2021,61.257473,37.087368,95.50071,26.409084,26.409082
166.40758,166.40758,3713.092,61.672653,36.61364,93.13658,28.88609,28.886087
182.32579,182.32579,3017.3086,61.437744,36.24784,94.26692,33.123665,33.123665
163.78317,163.78317,3999.52,61.264603,36.578823,93.81536,34.416935,34.41694
149.10619,149.10619,3604.7024,61.287563,35.248287,100.531525,19.27831,19.278313
128.76744,128.76744,1837.5878,61.01398,35.006653,97.53237,19.296503,19.296501
140.38501,140.38501,2132.6865,61.25898,33.972313,98.70371,22.14493,22.14493
127.4404,127.4404,1916.7717,61.037136,34.0729,94.7891,22.690136,22.690132
148.23053,148.23053,4587.912,57.882008,32.479446,97.55234,101.934395,101.934395
134.58844,134.58844,3933.0564,57.269524,32.820034,97.40092,107.17475,107.17475
146.7577,146.7577,3760.7566,57.308823,33.845337,99.2634,128.44397,128.44397
144.49312,144.49312,3666.6296,56.80452,33.32071,99.943954,110.15453,110.15454
113.77928,113.77928,1504.4548,63.882473,36.868584,106.91722,31.459562,31.459562
100.3681,100.3681,1479.1473,62.301937,37.595966,99.85976,30.623083,30.62308
100.731445,100.731445,1542.4077,63.23458,36.83086,102.72291,33.02607,33.026073
108.06884,108.06884,1751.747,63.338882,37.264378,102.8426,34.298553,34.298553
130.28151,130.28151,2890.2358,62.170204,36.33305,106.68554,28.323875,28.323877
117.37379,117.3738,2158.6487,62.013042,36.68879,104.74149,28.156944,28.156942
123.52697,123.52697,2315.781,61.99026,36.634174,104.412926,28.724884,28.724884
117.10954,117.109535,1869.5359,62.024292,36.988438,103.5819,31.64967,31.649668
99.53711,99.53711,1433.2749,,,,40.831165,40.831165
108.16726,108.16726,2145.8645,57.600266,34.77167,102.1349,46.35397,46.353962
114.4998,114.4998,2846.5986,57.622353,35.387165,103.68677,43.32382,43.32382
107.50085,107.50085,2633.8892,57.713165,35.12495,103.71766,42.79621,42.796207
128.0898,128.0898,2565.2048,58.858246,31.724255,115.72068,71.34423,71.34422
109.73539,109.73539,2169.915,58.305153,31.26986,116.38597,61.849155,61.849155
101.27852,101.27852,1786.2323,58.47466,31.959736,115.92501,60.2592,60.2592
90.88586,90.88585,1840.4961,58.10408,31.124952,114.4463,56.973404,56.973408
131.76086,131.76086,2385.7463,65.11119,38.138607,112.260216,18.216434,18.216436
144.72221,144.7222,2325.6177,65.49999,38.161186,114.59053,18.21796,18.21796
139.1223,139.1223,2545.9417,65.666885,37.76932,115.68415,17.988533,17.988535
126.65899,126.65899,2257.847,65.165085,38.54395,115.2314,21.0767,21.076698
155.96904,155.96904,3007.4314,63.57406,37.16708,107.6264,17.721722,17.721722
148.8854,148.8854,2900.8872,64.04032,37.882496,114.666985,16.394884,16.394882
144.87903,144.87903,2975.7114,64.767715,37.914978,116.418755,17.77688,17.776878
149.84845,149.84846,2621.79,64.544876,38.00067,117.576294,17.195925,17.195925
67.92259,67.92259,1908.7131,56.836365,35.25515,110.535965,16.738995,16.738995
74.82686,74.82686,2172.768,56.826996,34.602753,109.19892,17.306082,17.306084
72.98466,72.984665,1467.0695,56.919487,33.424423,105.51204,17.945576,17.945576
87.50158,87.50158,1756.9907,57.070984,33.757412,110.85125,18.17196,18.171963
74.69917,74.699165,901.69135,57.943233,33.578648,121.8495,57.141132,57.14113
77.88268,77.88268,1248.4958,57.233044,33.54544,122.403725,58.582645,58.582645
70.23562,70.23562,1059.7903,57.392986,34.306732,123.58944,63.85039,63.850395
71.23665,71.23664,1281.1492,57.045216,34.079693,123.52926,55.941833,55.941833
188.13359,188.13359,3845.2935,62.703667,37.613937,97.7231,23.196257,23.196257
216.50824,216.50824,5049.282,63.10217,38.0976,97.93326,21.73173,21.73173
145.75111,145.75111,2769.4578,62.790627,37.795616,97.23452,23.697422,23.697424
190.91507,190.91507,3740.48,63.606247,37.196964,97.406044,20.38945,20.38945
302.871,302.87097,5304.509,62.8217,34.350838,88.23109,15.909543,15.909546
352.35712,352.35712,6052.8213,63.298397,34.250256,90.19422,20.02525,20.02525
348.83755,348.83755,5711.265,63.72082,34.219547,91.01116,20.974266,20.974266
311.5477,311.5477,4933.2666,63.239822,35.202,92.42995,16.979721,16.979721
179.175,179.175,4630.6743,57.672874,36.79371,107.16292,17.958265,17.958261
225.51457,225.51456,5058.489,58.188736,36.13871,106.57319,18.09859,18.09859
222.17628,222.17628,5610.2407,58.262527,35.464695,104.69795,20.642061,20.642065
192.46808,192.46808,3878.6885,58.2327,36.05143,104.716705,19.90522,19.905222
166.51234,166.51234,4549.4854,58.624645,35.12051,124.43881,63.431793,63.43179
154.2676,154.2676,3065.1836,58.919872,34.28046,120.98067,65.540886,65.540886
165.54427,165.54425,4778.334,58.69552,35.201897,127.841736,74.18243,74.18242
128.07245,128.07243,2862.6692,59.18999,35.86394,123.32008,66.30481,66.30481
142.9103,142.9103,2610.7776,61.155605,37.10707,113.0238,26.642544,26.642542
161.27538,161.27536,3099.286,61.380558,36.33695,115.39203,31.476643,31.47664
157.69511,157.69511,3617.4019,61.198795,37.22908,114.516884,23.722174,23.72217
174.17256,174.17256,4137.5186,61.02966,36.619442,112.77402,27.357443,27.35744
184.62788,184.62788,3724.2842,,,,25.696325,25.696327
169.52444,169.52444,3316.0745,58.03696,35.347946,112.879906,26.171524,26.171524
159.17038,159.17038,3163.292,58.787624,35.655365,113.78331,27.621815,27.62181
154.05048,154.05048,3212.4158,59.18885,35.609127,113.90492,33.535202,33.535206
135.25385,135.25386,2308.229,,,,17.878916,17.878916
149.25146,149.25145,3355.0107,55.551357,30.426243,104.90075,20.807547,20.807547
173.55154,173.55154,3449.56,55.41358,30.13787,109.95493,19.823292,19.82329
118.9552,118.9552,2267.4648,55.504147,30.11359,101.67938,19.569662,19.569662
125.426445,125.426445,3311.6772,54.61249,28.679247,117.39968,83.97259,83.97258
113.00172,113.00172,2258.407,54.85569,28.465601,120.73594,71.694374,71.694374
110.23121,110.23121,1831.924,54.734543,27.56957,117.928474,60.756172,60.756172
125.66573,125.665726,3729.3816,54.555588,27.894121,123.5125,69.85423,69.854225
117.89404,117.89404,2133.3555,68.14369,39.495358,104.23266,32.476856,32.476856
112.05804,112.058044,1770.4685,68.35766,40.7906,106.67135,34.97499,34.97499
105.02596,105.02596,1435.9741,67.38487,39.02054,103.361855,32.293903,32.293907
113.68591,113.68591,2035.4802,67.47131,39.879955,104.52269,35.684505,35.684505
112.817505,112.817505,1511.1841,66.86566,36.80143,100.20525,31.686197,31.686197
110.60599,110.60599,1191.9883,67.02063,37.57656,100.0254,30.612019,30.612019
119.34087,119.34087,1512.9525,67.44826,37.84398,103.6239,32.625183,32.625175
110.86843,110.86843,1446.1533,67.22459,39.140667,105.918724,34.44289,34.44289
105.04591,105.04591,1448.2802,63.56807,34.056614,88.74622,24.86606,24.866058
109.74785,109.74785,1807.5011,63.923767,34.246246,91.7807,26.490326,26.490328
98.63224,98.63224,1821.4578,64.206345,33.63613,88.52601,26.885399,26.885399
107.348915,107.348915,1537.6855,64.4155,33.848045,89.243996,32.226303,32.226303
90.49298,90.49298,2003.8569,62.910244,31.825878,107.71943,87.61984,87.61984
81.15995,81.15996,1352.715,62.428936,32.27874,113.215324,95.4718,95.4718
87.10135,87.10135,1318.7354,62.15006,31.93405,113.47983,93.057884,93.057884
81.6125,81.6125,1673.5935,61.944443,32.35093,114.69348,78.07768,78.07768
119.65876,119.65876,2486.5623,58.0212,42.18799,113.45898,55.887352,55.887352
103.3101,103.3101,1567.9067,58.077763,42.290516,115.7944,47.695953,47.695953
104.32727,104.32727,1866.4138,57.87932,42.12152,112.22661,43.49947,43.49947
104.875885,104.87589,2113.2424,57.856396,42.130398,109.334915,58.127403,58.1274
143.51997,143.51999,2832.2427,,,,42.16205,42.162045
118.16676,118.16676,2450.2444,,,,55.377193,55.377193
117.47806,117.47806,2271.865,57.86801,41.889835,116.96751,49.04743,49.047424
111.868614,111.868614,2331.6064,,,,54.024582,54.024582
85.03953,85.03953,1068.0464,53.040154,40.710934,110.94142,24.314987,24.314987
90.88398,90.88398,2160.7314,53.346878,40.19688,112.089836,27.97763,27.977629
91.44061,91.44062,2485.466,53.46525,40.63994,112.4566,28.074978,28.074984
79.81884,79.81884,1245.5074,53.56292,41.694824,114.769325,30.505253,30.505253
142.96027,142.96028,4017.4377,53.388676,33.93913,104.3808,133.57219,133.5722
143.25974,143.25974,3277.2458,53.130207,33.404545,100.36837,128.48412,128.48412
131.19322,131.19324,2616.8452,53.305073,33.818943,101.55854,116.92035,116.92036
129.73238,129.73238,5475.9097,53.068375,33.197273,100.42954,133.65846,133.65846
128.55864,128.55864,2152.5356,64.305016,31.871832,106.862915,28.685987,28.685987
111.63132,111.63131,1426.2728,63.435196,32.162754,101.80167,29.730509,29.730509
109.657616,109.657616,1419.0354,63.90369,32.180397,103.83182,30.488781,30.488781
109.440315,109.440315,1448.0505,64.59093,32.711277,106.08203,28.775923,28.77592
93.490906,93.490906,1197.1421,61.830357,33.557907,105.70164,28.290121,28.290125
82.73847,82.73847,1087.7855,61.64626,34.56011,108.50135,33.373047,33.373047
77.380585,77.38058,1083.1665,61.31735,32.98492,109.84117,31.33492,31.334919
89.9987,89.9987,1424.5178,62.157566,34.523254,117.023865,35.605705,35.6057
66.9819,66.9819,926.64294,56.09268,30.77547,97.66273,14.32089,14.320892
65.22893,65.22893,853.908,56.238106,30.143444,93.78726,12.519556,12.519558
66.82077,66.82076,779.32056,56.30973,30.425102,96.1966,11.244163,11.244163
69.70517,69.70517,1014.477,56.472614,31.189213,97.500336,12.698296,12.698294
77.61627,77.61627,1404.9984,57.603493,28.1969,106.225525,114.65965,114.65965
73.89524,73.89524,1299.4819,57.29419,28.322165,112.99527,97.044785,97.044785
78.55757,78.55757,1532.9708,57.299755,28.359238,102.669586,92.371925,92.37195
70.834045,70.834045,1291.37,57.317,28.284182,105.80174,109.523384,109.523384
124.70324,124.70324,1494.4825,66.68894,32.623333,88.64911,21.17661,21.17661
133.96799,133.96799,2458.458,66.99117,32.202755,87.63297,20.435614,20.435612
122.998116,122.99811,1963.5944,66.72196,32.41725,88.90037,19.382229,19.382227
114.155106,114.155106,1882.9016,66.5247,33.491127,88.53164,23.333426,23.333422
99.75183,99.75182,1915.9583,65.5493,33.714737,93.884895,20.040573,20.040573
138.38406,138.38406,1953.9603,67.1599,31.650913,92.39058,19.75235,19.752348
126.21076,126.21076,1836.3167,67.19266,32.443027,93.31142,19.4048,19.404802
118.464966,118.46496,1759.3987,65.993164,34.17877,91.34079,21.765013,21.76501
183.28418,183.28416,2111.2952,62.75967,31.883238,95.16843,19.374037,19.374035
171.25089,171.25089,1885.3674,61.768166,31.230095,94.64669,17.644737,17.644737
172.59956,172.59956,2069.9316,61.859474,31.866047,98.143616,18.720814,18.720814
164.96155,164.96155,2121.058,61.825745,31.116663,95.41813,18.067865,18.067863
104.248535,104.248535,1982.4144,60.63049,34.798016,119.08256,90.22323,90.22323
113.8522,113.8522,3062.923,60.33189,34.350742,114.18581,94.47493,94.47493
118.17495,118.17495,2479.0686,60.343647,33.798782,114.872765,88.6911,88.69111
105.982216,105.982216,2102.596,60.254105,34.35721,116.0025,85.30641,85.30641
