semg_rms,semg_std,semg_p25,semg_p75,semg_p95,angle_mean,angle_std,angle_range,angle_p25,angle_p75,angle_p95,amg_rms,amg_std,amg_p95
167.1503,167.1503,-24.073658,22.778284,170.6778,62.747303,36.380745,94.94534,14.76199,98.37053,101.22868,18.794123,18.794123,26.15318
175.73645,175.73647,-21.014732,20.133587,181.60205,61.78222,35.272274,93.34094,16.576813,95.543304,99.26226,20.654322,20.654324,27.501825
171.80411,171.8041,-23.453016,21.670301,181.1676,62.254173,34.87905,91.76338,18.583115,96.22431,98.36384,20.784195,20.784197,27.81598
161.2051,161.2051,-20.47863,19.388554,169.53508,61.73834,34.347343,91.4964,18.60204,95.27004,98.06277,18.599264,18.599264,25.071167
170.97314,170.97314,-19.192211,18.164415,159.28117,60.176044,35.748486,94.718185,11.844333,95.91748,97.858,18.959715,18.959715,25.075302
168.01753,168.01753,-17.672152,16.26968,165.3192,60.28026,35.514774,93.59397,12.860348,96.18549,98.04999,18.790863,18.790863,24.211681
162.85707,162.85707,-16.851995,15.85723,146.79607,59.88944,35.84007,91.35455,11.222601,95.91434,98.3881,17.959433,17.959435,23.876232
176.36205,176.36205,-17.17441,16.41059,156.79642,59.937714,36.232952,91.97121,10.669055,96.04002,99.02465,19.335663,19.335667,26.161968
240.99973,240.99973,-21.356617,19.670498,212.91684,53.633694,35.23027,103.60017,15.479272,79.71326,108.368385,18.571085,18.571087,26.93273
227.27606,227.27606,-18.228521,16.156397,201.03157,53.677967,35.543,107.14778,16.864891,78.16395,110.22661,18.419931,18.41993,25.747368
205.7003,205.7003,-17.47765,16.604904,188.65982,53.77424,34.53013,101.72603,17.051546,75.94728,109.24745,16.40047,16.40047,24.076048
144.62907,144.62907,-19.141268,17.775652,130.48573,52.742718,33.887363,92.57156,15.434967,75.516396,105.2555,13.501807,13.501808,19.069382
122.33674,122.33675,-19.653,18.480968,96.64752,53.531433,32.009705,106.86459,15.277612,82.82464,93.27631,89.85659,89.8566,108.50157
125.969635,125.969635,-17.31283,16.13096,91.42846,53.415806,31.1168,101.74841,16.101542,78.88552,92.33809,72.27411,72.27412,99.70737
125.55975,125.55975,-18.489376,16.640228,93.404045,53.204117,31.36217,98.65445,15.462337,78.691086,92.969666,77.93244,77.932434,107.58556
127.142395,127.142395,-18.093586,16.605785,85.323715,53.29881,31.14025,99.39725,15.839733,79.1976,93.21688,82.220566,82.220566,106.0252
104.293724,104.293724,-38.96936,45.89652,167.16217,60.77418,33.632267,96.43673,21.985668,91.458725,99.29591,21.921125,21.921124,32.637978
94.94161,94.94162,-39.906578,38.51769,153.07819,60.780003,33.91927,100.09875,22.443565,91.17344,100.08833,24.021538,24.021538,34.232758
88.21149,88.21149,-32.73555,30.97494,136.43355,60.327232,33.82127,98.748764,19.435741,91.11941,98.83558,23.940258,23.940258,32.951084
98.00238,98.00239,-35.42428,33.740143,155.06293,60.64444,34.174397,98.05869,19.161057,91.67326,99.58099,25.733429,25.733433,37.038727
125.9639,125.9639,-57.2211,65.65895,202.47266,60.970745,31.628748,96.2174,38.911324,90.3445,97.77719,19.508324,19.508326,27.271215
125.961464,125.961464,-45.39379,62.2695,199.82445,59.696247,33.064297,97.35097,24.44335,90.1422,97.75028,20.39027,20.390272,28.93959
150.92859,150.92859,-59.308426,80.21939,244.74884,59.20475,33.846466,97.70991,19.325066,90.00475,98.07544,23.066559,23.06656,32.47502
127.04704,127.04704,-47.726135,62.55261,199.49603,59.239994,34.083656,98.041145,17.861032,89.47797,99.057144,22.022518,22.022516,31.200207
120.81016,120.81016,-28.420101,32.903427,191.48541,51.86528,33.553944,105.467964,17.43602,70.677795,111.897,25.384153,25.384157,38.230247
103.458916,103.45892,-16.977188,25.274387,144.45334,52.096066,33.661106,104.77664,17.16024,67.918655,112.07921,21.435427,21.435425,32.14248
98.30575,98.30575,-24.410511,30.793276,150.3766,51.829357,34.37868,103.968445,15.79411,68.74179,111.96158,23.494516,23.494518,35.05973
121.50036,121.50036,-23.568432,29.664946,203.18877,51.761143,35.12711,106.4149,16.002098,67.79549,112.88981,23.545368,23.545368,35.79674
83.01353,83.01353,-24.356915,26.819866,124.97349,54.677177,30.104736,111.54427,19.424583,81.952736,91.44479,51.022694,51.022694,74.72105
99.63032,99.63032,-23.85043,26.736622,134.51169,53.86925,30.217657,109.8002,17.752258,82.894684,90.72986,43.402626,43.40262,66.142975
82.91735,82.91734,-20.120419,23.58155,110.707985,53.833977,30.848677,112.78777,17.261396,82.93522,90.05163,50.756718,50.75672,73.57146
112.3692,112.3692,-20.062706,26.31562,155.27684,53.49751,30.605068,114.76884,17.695484,82.80155,90.609726,49.72478,49.724785,76.37221
54.52723,54.52723,-16.761875,15.2484455,66.169914,56.926083,42.467876,104.439735,7.429774,99.17941,103.170006,30.91352,30.913519,39.691742
66.15414,66.15414,-18.753551,17.084196,71.51603,56.405468,41.22192,102.36773,6.8493724,97.318665,102.99869,32.45691,32.456913,44.896816
53.76449,53.76449,-15.204108,14.125117,58.264477,56.018383,41.73679,103.246826,6.848362,97.343506,102.4546,26.764086,26.764086,40.016266
56.244297,56.244297,-16.034546,14.57002,66.17418,56.42993,42.09093,103.13633,6.937784,98.12132,102.982086,28.368902,28.368904,39.12575
69.54499,69.54499,-19.571533,16.757795,74.53031,56.292267,42.0372,102.254776,7.4707785,98.13745,102.15229,30.672115,30.672115,38.777985
56.18853,56.18853,-17.860672,16.47831,64.75804,56.38983,41.962315,103.1115,6.9134173,98.170074,102.51011,27.85625,27.856249,38.658417
61.130386,61.130386,-17.876516,15.73509,68.38365,56.102734,42.836277,103.223335,6.7057886,98.79931,102.83442,34.270054,34.270054,44.708008
60.261578,60.261578,-18.204805,16.697104,66.64683,56.244232,42.73009,103.48505,6.513357,98.97781,102.89423,24.176584,24.176586,34.838657
97.21143,97.21143,-21.537098,22.885761,120.44868,54.50221,28.552622,85.08042,24.911398,77.7186,93.92776,21.919226,21.919222,33.609726
108.38238,108.38238,-22.3769,23.236757,130.14865,54.256805,28.647196,83.02224,27.314465,77.5988,92.10286,22.792915,22.792915,34.5464
99.9994,99.9994,-23.822128,23.68976,130.75479,54.42671,28.444855,80.72346,30.04818,79.47121,89.37908,21.874596,21.874594,34.367916
101.62061,101.620605,-22.795065,23.729733,129.31575,54.581993,28.813147,82.38443,28.6094,79.62749,91.25404,24.44272,24.442719,36.002007
67.36263,67.36263,-18.870878,18.742672,70.02254,53.558697,35.534718,128.37141,13.62425,87.16708,93.314156,92.83756,92.83756,126.38286
62.40089,62.40089,-21.742596,21.811626,77.279976,54.13093,34.901314,123.76952,15.835042,87.00723,93.07111,87.085556,87.085556,122.211426
57.03144,57.03144,-20.261656,20.69328,68.07785,53.97771,35.39415,128.2994,14.45341,87.0932,91.91144,89.43571,89.43571,127.01192
56.7227,56.7227,-18.848505,19.554472,65.30983,53.327904,36.193188,125.76773,12.269281,86.52981,93.39458,95.42643,95.42644,130.87378
144.53827,144.53827,-39.33739,40.1493,205.83972,68.199066,33.65194,103.33665,33.376747,95.56127,107.03813,24.844275,24.844273,34.620743
141.96222,141.96222,-38.952198,39.946236,191.76727,66.25907,38.434635,105.25325,14.137071,100.64179,111.35729,30.01733,30.017332,41.40156
138.31148,138.31148,-39.62497,41.815697,183.50385,66.63579,38.23716,103.94053,16.145504,100.41113,111.5568,29.089428,29.089428,39.674572
128.6049,128.6049,-36.159836,36.609756,180.62524,64.16298,36.0377,107.79301,15.676433,97.727646,104.31344,29.75571,29.755709,42.882996
134.92543,134.92543,-35.189194,35.112465,189.6748,62.98349,35.24895,98.144806,14.365133,95.85417,102.02164,30.742897,30.742897,40.578957
133.20454,133.20454,-38.69995,40.07457,173.48856,62.58188,37.55533,100.08086,12.183773,96.621284,104.64407,27.30567,27.30567,35.814026
126.682335,126.682335,-30.261827,30.624487,190.76057,64.325874,34.931824,102.65358,17.282925,95.67624,104.36703,28.707869,28.707869,40.93388
128.52585,128.52585,-38.013245,41.309414,172.08147,64.37947,37.125675,99.886284,15.858099,97.26818,107.00524,24.188913,24.188915,31.311787
144.6533,144.6533,-60.90645,67.64786,189.658,57.889988,37.06492,112.2761,17.951248,74.65932,124.25692,16.914818,16.91482,24.272846
136.8804,136.88039,-52.44896,53.082657,180.25034,58.21772,37.324154,113.715004,19.58686,75.143456,123.23947,18.923355,18.923359,27.204678
126.06309,126.06309,-47.50541,48.08623,160.3025,58.294395,37.845074,114.55866,20.157682,75.70148,125.73038,19.983343,19.983345,28.417242
136.67633,136.67632,-58.92015,60.4476,172.09322,58.522305,38.731293,116.406845,19.812923,76.29037,127.83678,21.2343,21.234303,29.508211
102.18992,102.18992,-32.709686,30.67918,116.15043,58.98929,29.010515,102.00968,27.06087,83.097626,92.09713,70.558495,70.55849,97.69031
99.83381,99.83381,-35.480225,32.431496,112.38675,59.003696,29.645508,103.20192,25.441572,83.69064,93.498024,101.4044,101.404396,127.19859
106.53144,106.53145,-35.799263,33.487617,117.894424,58.568066,29.296978,98.63088,24.991304,83.43864,92.19353,113.24951,113.24951,147.46188
99.99551,99.99551,-30.49855,29.32716,102.82998,58.25968,29.890564,97.635185,23.836872,83.92496,93.48851,131.32414,131.32414,156.01546
144.00305,144.00305,-15.470682,15.963123,152.27512,59.517586,38.61204,100.45967,11.71213,93.3375,101.39473,19.734123,19.734121,28.860611
160.24443,160.24443,-16.56894,16.598095,164.33855,58.929897,38.831825,99.606415,10.792189,93.65808,101.176735,22.35963,22.359627,31.790697
161.68987,161.68987,-15.625406,16.795834,168.77931,58.97298,38.33538,98.01563,11.076593,93.426834,100.92754,20.971153,20.971153,30.94455
131.84882,131.84882,-14.569724,15.135478,132.85246,58.680153,38.051476,96.63258,10.537286,93.66647,100.12264,19.601633,19.601633,29.885517
159.72458,159.7246,-17.27649,17.091587,171.68561,58.033016,39.582664,95.02721,9.720438,93.85773,101.07367,21.60096,21.60096,28.116232
254.2776,254.2776,-21.040277,21.15299,239.7779,58.746857,39.040535,97.61421,11.021494,93.913826,101.86095,20.379013,20.379011,29.40954
208.38318,208.38318,-21.586102,20.744135,220.70802,58.848324,38.878475,99.92473,11.424755,93.7579,101.56849,19.099283,19.099281,27.98069
205.21667,205.2167,-19.565432,19.340607,196.35593,58.951675,38.7427,99.08284,11.554115,93.91879,101.49599,18.244207,18.244204,27.452787
157.16617,157.16617,-24.45543,25.816107,183.74712,56.01039,35.53379,109.21925,18.526348,78.58098,117.07046,21.757097,21.757095,33.5458
136.79709,136.79709,-20.861912,22.14012,137.05737,54.63371,35.865017,106.84996,17.638483,74.84973,115.15379,20.502796,20.50279,30.672617
148.38176,148.38176,-17.692207,18.577047,131.91785,54.47492,35.705425,109.425385,16.651455,72.400024,116.498604,18.764503,18.764503,27.761883
117.07315,117.07316,-16.999218,18.022974,116.21779,54.3385,37.1025,106.36485,15.767791,72.57631,114.393616,19.906399,19.906403,29.608597
142.85597,142.85597,-23.04646,22.350908,146.91911,55.79006,34.549168,98.70795,14.135193,86.57779,97.07126,77.99985,77.99984,104.66879
137.17667,137.17667,-18.306034,18.928188,120.35674,54.921696,35.06858,100.026024,13.862283,86.25124,97.52252,73.56592,73.56591,89.54482
136.13316,136.13316,-19.511742,19.57573,128.82489,54.78091,34.883713,102.15887,13.637846,86.70781,96.697784,67.76575,67.76575,92.00458
143.91869,143.91869,-19.022573,19.335644,136.9665,54.835094,34.98536,100.89056,13.277498,86.09306,97.29588,74.68946,74.68946,103.17371
89.32841,89.32841,-30.284378,32.053688,137.85739,60.497707,30.95084,96.24923,21.876635,89.17086,93.828735,18.641577,18.641573,28.883602
83.44798,83.44798,-36.208847,38.036686,122.48363,60.192905,31.340475,94.32257,20.644112,89.60865,92.33733,19.513409,19.51341,29.333847
78.66044,78.66044,-33.104267,31.963007,122.92969,60.382492,30.606623,90.94719,22.239609,89.30614,91.68631,20.693342,20.693346,31.461414
85.48629,85.48629,-33.340862,34.613457,129.98598,60.219368,30.472248,91.68979,22.352869,89.20309,91.848785,19.493853,19.49385,28.919643
70.049484,70.049484,-31.598633,32.518963,105.19572,59.121544,30.445217,87.49718,21.241325,88.10556,90.02797,18.853891,18.853891,27.683018
69.74138,69.74138,-24.677618,25.640276,105.71719,59.221092,30.744507,88.81592,21.56945,88.66577,90.72713,19.890781,19.890781,27.723099
71.0054,71.0054,-29.682928,30.43927,103.588806,59.20814,29.69682,86.785934,21.642838,87.01746,90.108505,17.40428,17.40428,26.14194
67.18589,67.18589,-21.33381,21.450407,100.31756,58.660984,30.903553,88.59813,19.932058,88.11806,90.77524,19.445469,19.445473,28.495338
99.20924,99.20924,-36.758343,36.717323,170.3085,53.20329,26.577919,86.49014,31.598719,67.40322,96.55136,10.79909,10.7990885,16.759933
107.05318,107.05318,-49.17011,52.077324,174.10992,52.523136,25.579086,81.67789,34.700996,66.23555,94.12089,10.469223,10.469222,16.430212
101.41848,101.41849,-45.85354,47.703224,177.0843,52.49229,25.475025,79.68586,36.084255,66.47096,92.95361,9.752809,9.752808,15.22187
90.92829,90.92829,-38.778778,39.91028,154.96225,52.46981,25.700342,80.02641,36.454483,66.83327,91.751434,9.631237,9.631237,14.935778
78.010765,78.010765,-24.122696,26.919521,101.42675,54.38804,28.253035,108.062515,21.545715,79.05408,83.01236,77.44524,77.44522,115.18239
77.77125,77.77125,-29.785868,30.614779,103.186874,54.290325,28.815159,108.950455,21.622553,79.73441,83.75597,80.07855,80.07855,113.67835
76.21249,76.21248,-28.052345,29.19543,102.67026,53.963917,29.074728,109.0512,21.370096,79.63979,83.322815,79.38235,79.38234,110.50925
69.944534,69.944534,-25.244549,25.98492,90.722305,53.842766,29.281315,110.062515,21.514076,80.046585,83.70048,69.98773,69.98775,100.85423
148.66473,148.66473,-39.100883,35.870377,174.24449,60.648094,33.367424,96.19593,15.710569,93.286606,95.55232,22.083443,22.083445,29.097307
145.20953,145.20953,-36.200687,32.224094,180.87668,60.344707,34.23671,94.680984,14.55962,93.06604,96.33458,23.180056,23.180056,30.851479
124.177895,124.177895,-32.628098,30.03846,150.79437,59.78826,34.423462,93.80899,15.223293,93.29722,97.773705,23.471445,23.471443,31.332521
116.60603,116.606026,-25.297043,22.926134,144.93027,59.192448,34.61096,92.39022,14.005625,93.66129,97.25417,22.281116,22.28112,28.55436
115.962944,115.962944,-21.91864,19.773848,139.95512,58.553673,34.93621,92.977135,15.7889385,93.40854,98.27433,19.418148,19.418148,26.0827
105.98523,105.98523,-21.761665,20.0614,115.08543,58.612274,33.97096,89.78136,17.23085,92.93028,96.11515,16.784687,16.784687,22.576641
100.5303,100.5303,-21.644016,20.224977,118.66377,58.676857,33.801624,89.63453,17.748486,92.90357,96.476906,16.652845,16.652845,24.139254
107.91288,107.91288,-23.998056,22.787514,127.897606,58.93857,32.657394,86.439514,18.546618,91.97041,94.60938,16.725708,16.725706,24.294945
102.45193,102.45193,-27.528353,24.821579,137.9519,54.40764,31.540892,96.01452,19.278128,69.04639,109.83559,12.321606,12.321606,18.59712
106.226524,106.226524,-24.455273,21.539646,123.155205,54.377518,32.215927,96.385056,20.74565,69.60289,110.23857,13.785779,13.785779,20.649437
113.49013,113.49012,-29.022352,26.120405,130.14449,54.396217,31.922419,96.38184,20.972784,69.0775,109.88684,13.187727,13.187727,20.016966
110.2727,110.272705,-26.27111,23.578417,121.03653,54.6913,31.803244,95.32376,21.72103,68.36713,109.66525,12.845932,12.845932,19.3114
90.56799,90.567986,-23.426762,22.860708,96.82257,53.884686,28.422314,97.02759,22.799122,80.68143,85.89085,65.7588,65.758804,86.346634
89.9524,89.9524,-24.00571,22.414207,96.87046,53.78944,27.805973,94.94574,23.782185,79.11911,85.09547,65.991135,65.991135,87.090126
90.10841,90.10841,-23.399391,22.458342,97.33314,53.543465,28.17327,97.21998,23.210184,79.700935,85.62076,70.70221,70.70221,88.52923
87.973404,87.973404,-23.903688,22.57074,106.4277,53.273643,27.887262,93.90874,22.071087,79.286865,84.89616,77.74378,77.74378,99.439384
199.05927,199.05927,-35.148598,34.75517,266.65875,59.54435,32.32705,98.617294,20.774374,89.09855,100.22145,33.54793,33.54793,44.322304
187.30862,187.30864,-35.33169,36.30781,240.30496,58.55597,32.242474,95.243126,17.410345,88.3921,99.241295,34.614666,34.614666,47.46035
166.07925,166.07925,-30.858728,29.179726,203.09529,58.030506,31.971437,89.693954,16.13692,88.70633,95.887215,32.28918,32.28918,44.93318
152.57904,152.57904,-31.420513,29.904783,201.59142,57.44077,30.480669,90.39072,18.124603,85.628105,95.617325,32.5271,32.527096,44.20154
197.81277,197.81277,-28.741941,29.13002,234.79321,57.78853,32.748013,93.391975,14.71648,89.28862,96.33675,30.961044,30.96105,40.134823
212.34436,212.34436,-31.757019,29.992058,265.8639,58.550472,32.75217,92.246895,15.590081,89.703064,97.04822,29.774647,29.774645,38.77737
188.15843,188.15843,-28.88529,24.20052,247.61374,58.98689,32.870102,95.05235,15.571271,90.82709,97.1742,30.74467,30.74467,41.976456
174.27406,174.27406,-30.982212,30.324314,219.40463,58.9709,32.976814,91.28154,15.460491,90.924576,95.97886,28.77173,28.77173,37.709507
152.22586,152.22586,-26.024773,23.57383,173.9981,0.0,0.0,0.0,0.0,0.0,0.0,29.895473,29.895473,45.33547
131.24823,131.24823,-28.23771,25.884022,162.28137,51.070675,27.448118,89.63119,23.221352,66.26815,100.8289,29.430193,29.430191,43.36579
130.22537,130.22537,-27.12356,26.243164,156.17471,51.316242,27.350029,92.760956,23.234148,66.109856,103.48907,29.319105,29.319107,43.253517
138.88799,138.88799,-25.217995,22.663637,162.12213,51.13053,26.920105,89.30658,25.204021,65.13699,100.88944,32.236057,32.23606,48.3524
111.68836,111.68836,-34.16554,33.007935,153.82246,52.25798,27.175552,104.8367,18.413685,75.834335,83.05899,102.04966,102.04966,146.18909
112.983604,112.9836,-39.979527,40.041466,164.55257,52.080784,27.223656,101.024124,18.747192,74.97272,83.02917,108.569885,108.56989,158.1252
119.67537,119.67536,-39.08103,37.476868,175.12709,52.207726,27.023315,101.943146,18.258978,75.42021,83.38396,107.21853,107.21853,147.15268
113.431854,113.431854,-45.71105,45.367714,173.55356,52.238064,26.683916,98.62987,19.223513,74.37137,84.803085,106.95436,106.95437,149.35481
96.38524,96.38524,-21.159563,21.466097,108.41418,57.6404,35.996693,90.77901,14.426444,95.4649,96.441956,22.017609,22.017609,28.22181
94.65005,94.65003,-22.929525,23.77076,109.89242,57.381077,36.078186,90.31958,14.318827,95.55719,96.29489,19.317877,19.317875,28.730064
98.55578,98.55578,-22.433561,22.69035,120.60782,57.77616,35.452114,91.84257,14.398796,95.3687,96.41858,25.648426,25.648428,26.7523
90.39275,90.39276,-20.89487,20.481731,108.614105,57.268845,35.898754,90.42078,13.545589,95.19884,96.53654,26.557898,26.557898,27.23576
92.481064,92.48106,-24.330032,23.001001,110.32124,57.9833,35.41485,91.25404,16.0651,93.89734,96.42537,17.399738,17.399738,25.823061
92.32303,92.32303,-20.59619,21.28423,102.08132,57.484608,35.817154,92.631165,15.371569,94.596214,96.05221,19.117603,19.117607,27.575417
97.35093,97.35093,-20.852737,21.342161,108.18112,57.51457,36.31594,90.77756,14.370037,95.461,96.64835,22.521458,22.521458,31.42944
88.84043,88.84043,-26.092468,24.0825,104.25572,57.24423,36.16674,88.33801,14.696951,95.05637,96.09155,19.041227,19.041225,26.056967
84.77855,84.77855,-24.672024,24.47257,98.61678,55.356422,28.427494,87.37043,27.034847,69.33179,103.90089,17.061592,17.061592,24.997206
90.57127,90.57127,-25.238008,24.980349,109.18924,54.982998,29.835003,93.6565,25.980467,70.85762,105.90787,18.912155,18.912155,29.090433
95.56534,95.56534,-28.820055,28.096363,118.42335,54.883606,25.766022,79.33179,29.076408,67.87083,101.08247,17.41182,17.411816,26.282227
84.04912,84.04912,-25.950449,26.005627,107.01655,54.13966,30.326384,90.54329,21.656597,75.56561,103.60498,18.998816,18.998814,27.325504
83.383835,83.38383,-21.700146,21.986618,98.61843,56.321632,30.456718,102.8312,22.979279,85.76189,91.96016,71.48924,71.489235,90.63135
87.35086,87.35086,-22.593584,23.1564,103.50564,56.299248,30.419847,102.03815,22.377672,84.82016,94.35621,65.589874,65.58987,92.179016
86.783844,86.783844,-25.350557,24.667278,109.2837,56.296314,29.907093,102.092316,23.253454,84.3267,90.217125,67.50044,67.50045,90.20166
88.71862,88.71861,-24.90285,24.614923,111.825424,56.372437,28.947899,102.26869,24.091772,83.96807,89.53822,65.18931,65.18931,87.85341
107.69697,107.69697,-30.943853,31.727974,162.11638,62.321747,32.823154,96.66229,20.048557,93.1718,97.04322,27.962605,27.962606,31.598778
109.697464,109.697464,-31.068201,32.455963,161.15007,62.514744,33.51506,96.76417,17.617628,94.74978,97.78851,27.10502,27.10502,32.45908
101.94177,101.94177,-31.669106,30.6912,147.47925,62.526863,33.509274,98.312065,18.316025,94.29872,98.68581,26.253107,26.253107,31.052073
104.74803,104.74803,-30.323553,31.678034,157.75195,62.12866,33.749252,96.10933,17.634027,94.7016,98.23898,32.856297,32.8563,32.12945
122.89192,122.89192,-35.49225,37.5664,191.32228,63.80959,33.26411,102.18586,30.478416,95.05897,102.251144,18.305996,18.305998,23.975521
132.3326,132.3326,-31.778873,36.294537,198.62337,63.903954,33.789623,104.22522,27.778374,95.418686,103.33647,21.57365,21.57365,26.68681
128.79341,128.79341,-37.206135,39.748905,192.70493,63.592896,34.55603,105.72737,21.632143,96.217255,104.68571,22.341055,22.341051,28.818233
120.35729,120.3573,-29.160732,30.671335,170.36131,62.88756,34.861263,103.53053,16.538536,95.88026,102.666725,21.336536,21.33654,26.236431
108.07978,108.07978,-26.23345,26.019497,154.1278,51.97814,30.996973,100.45514,19.707767,68.32986,110.53925,14.708607,14.708607,20.468153
102.0898,102.0898,-25.039959,25.748072,143.18837,52.155075,32.078213,101.34122,18.165869,68.5573,111.92983,17.137665,17.137665,21.97986
101.33792,101.33792,-23.700867,24.604471,139.3389,52.45203,33.21276,102.364716,17.304392,68.87093,114.06207,17.36873,17.36873,23.798815
93.60318,93.60317,-23.206902,21.700653,121.02885,52.410362,34.69499,103.539406,15.447489,68.3683,114.71692,20.891876,20.891876,23.334726
110.87814,110.87814,-32.26097,33.151035,143.12099,54.059284,29.416298,105.40205,20.349976,81.26847,87.610146,58.97481,58.974808,80.263275
103.108376,103.108376,-33.34065,33.451004,130.37923,53.921852,28.924252,104.30835,20.5804,80.88748,86.58681,61.688328,61.688324,85.47019
101.53613,101.53613,-33.02229,32.958416,133.6203,53.89937,29.546509,101.89043,19.177414,82.10834,86.79599,60.936592,60.936596,88.63267
103.16086,103.16086,-32.222824,33.187443,134.04366,53.69645,29.451635,104.49991,18.959724,81.254425,87.388916,74.322426,74.32243,94.704025
58.89357,58.89357,-17.608765,16.181658,75.49841,64.59484,37.845886,92.75919,17.839725,101.11866,106.805466,25.93072,25.93072,38.261803
54.309364,54.309364,-17.373806,15.454908,70.517395,64.36783,37.797707,95.15791,18.23684,100.19099,107.87223,28.635553,28.635555,37.289726
50.469036,50.469036,-19.447699,17.20739,71.320724,64.40907,37.584084,93.69964,18.14957,101.03262,107.666855,26.247692,26.247694,36.274666
55.685448,55.685448,-20.275639,18.893726,77.57391,64.55711,38.43393,95.319885,18.360807,101.73303,108.799225,27.83874,27.83874,40.00273
92.45897,92.45897,-18.08312,16.46006,87.08691,63.267056,37.29471,99.25861,18.387714,98.147606,104.26042,32.508636,32.508636,43.454525
74.545265,74.545265,-18.24713,16.317183,81.90002,63.17903,36.847534,95.98536,18.20948,97.144684,103.7316,30.087572,30.087572,41.69581
59.969776,59.969776,-15.48955,14.146379,64.513664,62.615356,37.317856,93.98909,18.3119,97.31401,103.765274,31.993694,31.993696,41.605923
63.048367,63.048367,-17.853497,16.512177,68.71793,62.720993,36.97688,93.580666,18.569948,97.501816,102.981,29.664696,29.664696,39.90613
86.69221,86.69221,-26.121965,25.37642,101.43709,61.491325,25.927492,81.70621,37.49107,74.51219,105.0264,15.0680685,15.0680685,23.310375
62.751034,62.751034,-24.949522,24.08791,87.68815,61.341465,26.14781,80.39368,39.642685,73.59305,104.14017,13.75974,13.75974,20.824936
68.17679,68.17679,-24.998987,24.177292,89.65795,61.554718,25.199623,78.29532,41.738266,73.10764,102.51643,15.064697,15.064696,22.56205
70.6443,70.64431,-25.676418,25.072115,92.02832,61.70486,24.256577,76.676865,43.257732,72.82313,101.50171,14.349416,14.349418,21.340511
113.22177,113.22177,-25.09687,22.70799,106.76128,61.612286,31.869488,101.379486,25.753464,88.73473,100.96986,77.56732,77.56732,105.12291
90.97919,90.97919,-23.347786,21.535027,93.56342,61.872177,32.37059,101.74746,23.80888,90.09987,101.891464,73.96728,73.96728,99.57891
98.56992,98.56992,-23.600645,20.89844,98.43272,61.343216,31.844522,98.95922,24.07682,88.432556,99.207146,83.43731,83.43732,113.138245
92.8168,92.8168,-22.988445,21.343304,101.61281,61.456882,31.60554,100.50195,25.066734,87.91924,99.57259,75.30544,75.30544,111.12194
44.178993,44.178993,-17.975552,17.774399,57.73921,63.011246,35.717545,96.9775,20.5612,94.668144,105.72135,18.87737,18.87737,27.94992
45.982246,45.982246,-17.36844,18.244051,57.446743,62.90557,36.48179,97.40852,19.006699,95.71875,106.074394,17.410492,17.410492,26.127556
42.536846,42.536846,-17.04931,17.406132,50.119446,62.04268,37.557293,96.466415,18.413244,95.85586,106.417175,19.6151,19.615099,28.38574
43.65793,43.65793,-16.606596,17.672634,51.86879,62.416336,37.60142,97.30094,18.230259,96.83281,106.630615,21.708124,21.70812,27.603596
48.385185,48.385185,-18.002659,18.099594,63.002586,62.445457,35.619583,95.83807,20.946266,94.73898,105.94863,20.182823,20.182825,28.014883
47.7723,47.7723,-16.481865,16.85871,60.414413,62.400196,33.994194,94.27149,24.404423,94.00277,103.65666,21.332787,21.332788,28.778595
47.261482,47.261482,-16.856949,17.003242,59.545406,61.50942,37.013687,94.45034,18.793877,94.77449,105.199394,25.405819,25.405813,33.156227
53.522675,53.52267,-18.337547,18.612846,67.475746,61.781277,37.260406,96.48264,18.856518,94.85547,105.718834,20.814684,20.814684,29.726889
50.03329,50.03329,-16.732496,16.233047,64.973885,58.449112,28.342073,91.471275,32.75524,75.24572,104.2482,13.595398,13.595397,21.30427
48.985622,48.985626,-15.078693,15.119095,63.300697,58.596783,29.038513,90.75534,32.040565,74.741234,105.889854,13.409963,13.409961,21.352856
47.59924,47.59924,-16.074554,15.973118,63.662712,59.000397,28.425621,87.688835,31.37864,75.70664,105.59584,13.993931,13.993932,21.411448
51.595394,51.595394,-17.61264,17.728912,69.64557,58.83421,27.910694,90.43712,32.06782,77.137665,105.94329,14.848081,14.848082,22.848269
57.94114,57.94114,-20.028908,20.807915,72.32497,59.62902,30.689568,113.01478,26.20113,87.65123,97.16277,90.43534,90.43535,111.67651
55.311317,55.311317,-18.78605,19.723272,62.534958,59.347507,30.765089,108.03608,25.893105,88.514595,95.13071,89.50926,89.509254,106.84954
52.1953,52.1953,-16.968683,17.92335,59.999825,59.43434,29.940582,113.3557,28.24723,86.65463,93.5437,97.83499,97.83499,106.51309
50.6186,50.618603,-17.69443,18.626987,56.98579,58.939743,31.471138,109.81315,24.366653,87.81767,96.036644,100.56469,100.56468,121.3365
146.97974,146.97975,-26.345285,29.59586,212.23843,65.25307,34.131977,100.73974,23.423803,94.22308,106.14862,38.69599,38.69599,54.925674
162.78764,162.78766,-37.66651,39.20319,237.45601,65.681885,32.235756,102.142166,28.288427,94.43254,105.909645,33.510925,33.510925,49.72238
135.88388,135.8839,-24.771255,24.419327,196.00932,65.81617,35.77233,109.37949,20.71101,96.02124,108.345566,36.293385,36.293385,52.645176
131.82503,131.82503,-27.609768,29.659222,187.0756,65.1502,35.782047,106.4351,20.329876,96.221115,109.74738,47.835125,47.835125,61.168514
157.32433,157.32431,-23.733059,25.00296,223.98392,64.19104,34.248272,102.14793,22.385658,94.361275,107.43057,32.722042,32.72204,48.726055
144.39491,144.39493,-30.354218,32.925663,216.23254,64.335014,34.639435,100.740234,21.557617,94.40607,108.36264,32.721832,32.72183,47.72254
150.66742,150.66742,-30.675953,30.959639,214.21895,64.49727,35.28935,100.11593,19.771149,93.3255,109.79976,32.31161,32.31161,48.54521
125.792496,125.792496,-30.539322,32.126408,180.5836,64.66562,35.33926,103.78976,19.733038,94.862366,109.65967,30.771795,30.771797,45.754436
105.960335,105.96034,-36.971355,36.863663,132.67694,57.571007,30.46016,93.815384,27.398571,76.51058,107.11998,25.469864,25.469868,39.776928
95.60125,95.60125,-36.70522,37.859653,126.00485,57.56721,31.156052,95.742805,24.451097,74.40276,107.63536,24.905102,24.905102,38.159637
108.899284,108.899284,-38.444622,39.382576,140.27295,57.514217,28.383636,87.09408,31.953337,73.18868,101.67975,23.186493,23.186495,35.300983
100.7728,100.7728,-32.65117,34.081238,130.47568,57.799103,28.93506,88.30117,33.17624,73.19269,104.13909,21.47349,21.473488,32.915596
112.2986,112.2986,-23.482016,25.339014,134.46584,58.54832,27.260468,107.83617,28.781092,79.56975,94.38488,80.80793,80.80793,113.50647
103.93548,103.93547,-25.570581,27.694262,121.85231,58.404858,26.755445,109.82678,30.19916,79.73146,91.39352,82.20349,82.20349,109.97031
103.238686,103.23869,-26.586185,28.29454,122.189964,58.510124,27.551403,109.37614,28.814169,79.99182,92.647125,75.56804,75.56804,102.49843
101.665085,101.665085,-27.239588,27.885448,117.83234,58.718838,26.403864,106.490974,29.916317,78.90031,92.93984,81.04853,81.04852,101.2878
200.43346,200.43346,-31.821331,32.33098,204.52678,63.375057,35.559692,93.18025,18.878296,96.394714,102.60413,25.701796,25.701797,36.89184
202.33894,202.33894,-35.861794,33.367916,209.92926,63.721226,35.37809,94.8817,18.866415,96.53295,102.863716,28.854113,28.854113,39.482746
153.10104,153.10104,-25.35487,26.97535,151.09044,62.046173,36.649075,94.73592,16.709759,96.04937,102.74197,26.255457,26.255457,35.00112
158.14934,158.14934,-21.951397,21.429985,146.28783,62.38728,36.09912,93.885124,17.291584,95.35838,103.21936,29.911505,29.911507,36.598656
179.91704,179.91704,-23.216873,24.566374,163.21298,61.257473,37.087368,95.50071,17.440369,97.10535,100.70337,26.409084,26.409082,36.71359
166.40758,166.40758,-25.19062,25.426563,161.8691,61.672653,36.61364,93.13658,17.298985,96.71985,100.90389,28.88609,28.886087,38.656654
182.32579,182.32579,-23.299334,22.131159,173.41843,61.437744,36.24784,94.26692,17.434803,96.43185,100.96748,33.123665,33.123665,39.36601
163.78317,163.78317,-21.089846,20.017979,149.31631,61.264603,36.578823,93.81536,16.985893,96.3176,100.66852,34.416935,34.41694,44.678127
149.10619,149.10619,-31.441467,31.609932,154.61406,61.287563,35.248287,100.531525,23.73098,86.738014,114.97801,19.27831,19.278313,29.941128
128.76744,128.76744,-27.651419,28.04539,163.45477,61.01398,35.006653,97.53237,24.026165,86.70418,114.71864,19.296503,19.296501,28.80162
140.38501,140.38501,-31.358463,31.348478,163.61655,61.25898,33.972313,98.70371,24.72435,83.9107,116.45934,22.14493,22.14493,31.62641
127.4404,127.4404,-26.3613,26.618307,146.30359,61.037136,34.0729,94.7891,24.604418,83.04667,115.4337,22.690136,22.690132,33.30565
148.23053,148.23053,-29.743322,29.688202,137.3427,57.882008,32.479446,97.55234,20.603931,89.19187,92.73718,101.934395,101.934395,136.63492
134.58844,134.58844,-23.115875,25.071247,120.58597,57.269524,32.820034,97.40092,20.208668,89.14618,92.092575,107.17475,107.17475,142.1568
146.7577,146.7577,-30.833317,32.541092,143.44624,57.308823,33.845337,99.2634,19.681072,90.29626,93.92229,128.44397,128.44397,164.72081
144.49312,144.49312,-29.686935,29.730099,139.57845,56.80452,33.32071,99.943954,18.715393,88.89317,92.46792,110.15453,110.15454,151.9145
113.77928,113.77928,-26.916325,28.738342,156.6186,63.882473,36.868584,106.91722,15.149079,98.96839,101.27166,31.459562,31.459562,47.63845
100.3681,100.3681,-19.049221,23.265446,120.98195,62.301937,37.595966,99.85976,13.464268,99.14002,101.737434,30.623083,30.62308,48.047802
100.731445,100.731445,-27.432589,29.66644,129.48917,63.23458,36.83086,102.72291,15.321871,98.23501,102.11927,33.02607,33.026073,49.404762
108.06884,108.06884,-26.387423,26.764418,133.81433,63.338882,37.264378,102.8426,14.616924,99.11065,102.37971,34.298553,34.298553,51.198616
130.28151,130.28151,-30.671535,30.1661,158.99464,62.170204,36.33305,106.68554,14.552153,96.35007,100.02666,28.323875,28.323877,42.671318
117.37379,117.3738,-26.643064,27.81404,139.1421,62.013042,36.68879,104.74149,14.137563,96.663345,99.11976,28.156944,28.156942,40.386112
123.52697,123.52697,-27.15241,27.232485,134.09982,61.99026,36.634174,104.412926,14.1945715,96.49285,99.344765,28.724884,28.724884,41.772675
117.10954,117.109535,-25.913176,27.974289,143.12663,62.024292,36.988438,103.5819,14.696096,97.218124,100.29966,31.64967,31.649668,45.994198
99.53711,99.53711,-16.114014,18.140707,113.1847,0.0,0.0,0.0,0.0,0.0,0.0,40.831165,40.831165,51.679966
108.16726,108.16726,-16.596058,17.876804,117.669495,57.600266,34.77167,102.1349,23.97879,81.05584,112.81576,46.35397,46.353962,51.684452
114.4998,114.4998,-18.796114,19.625408,123.59977,57.622353,35.387165,103.68677,24.049578,80.98579,113.398186,43.32382,43.32382,52.6893
107.50085,107.50085,-18.665432,18.520864,110.94,57.713165,35.12495,103.71766,24.725224,80.49624,113.49135,42.79621,42.796207,49.172157
128.0898,128.0898,-24.233713,23.307777,125.58604,58.858246,31.724255,115.72068,24.067642,87.27143,96.70017,71.34423,71.34422,104.19389
109.73539,109.73539,-21.84375,21.03122,107.114204,58.305153,31.26986,116.38597,23.237541,86.509544,93.86451,61.849155,61.849155,90.36897
101.27852,101.27852,-18.873943,18.85171,101.39061,58.47466,31.959736,115.92501,22.397589,86.66235,96.29199,60.2592,60.2592,91.12448
90.88586,90.88585,-16.395832,16.925728,94.04197,58.10408,31.124952,114.4463,22.86805,86.563324,93.50322,56.973404,56.973408,87.66667
131.76086,131.76086,-15.230432,17.216679,148.5057,65.11119,38.138607,112.260216,18.795975,102.92927,105.26896,18.216434,18.216436,26.407402
144.72221,144.7222,-16.997004,18.068998,167.32144,65.49999,38.161186,114.59053,18.06419,102.10257,107.10659,18.21796,18.21796,27.099197
139.1223,139.1223,-17.60037,18.308853,161.38408,65.666885,37.76932,115.68415,18.860418,102.13815,106.03941,17.988533,17.988535,27.262327
126.65899,126.65899,-16.225185,17.494667,146.08374,65.165085,38.54395,115.2314,18.031063,103.46474,105.56534,21.0767,21.076698,30.091225
155.96904,155.96904,-16.113525,19.8033,162.01453,63.57406,37.16708,107.6264,17.756653,101.37613,103.19596,17.721722,17.721722,26.16577
148.8854,148.8854,-16.925188,19.157524,164.2561,64.04032,37.882496,114.666985,20.570438,101.47815,103.4341,16.394884,16.394882,23.714733
144.87903,144.87903,-17.434013,19.28309,166.53192,64.767715,37.914978,116.418755,17.486717,101.561386,104.46083,17.77688,17.776878,27.038145
149.84845,149.84846,-17.421297,18.660976,165.82185,64.544876,38.00067,117.576294,17.708868,101.23647,104.294075,17.195925,17.195925,25.921747
67.92259,67.92259,-15.822427,16.81188,78.362915,56.836365,35.25515,110.535965,23.086357,76.679695,115.02777,16.738995,16.738995,26.31572
74.82686,74.82686,-15.220789,16.180199,82.4348,56.826996,34.602753,109.19892,23.951408,76.800674,114.356575,17.306082,17.306084,27.276508
72.98466,72.984665,-17.344807,17.396626,90.87987,56.919487,33.424423,105.51204,23.41489,77.08345,113.44382,17.945576,17.945576,27.457556
87.50158,87.50158,-15.952847,17.197369,97.315285,57.070984,33.757412,110.85125,24.878502,76.623146,114.386475,18.17196,18.171963,27.736286
74.69917,74.699165,-18.097013,21.189583,100.38641,57.943233,33.578648,121.8495,20.778202,89.292984,95.167534,57.141132,57.14113,80.94252
77.88268,77.88268,-17.03858,20.563576,100.169655,57.233044,33.54544,122.403725,19.823484,89.21349,94.057365,58.582645,58.582645,86.31224
70.23562,70.23562,-17.563656,18.822556,86.58872,57.392986,34.306732,123.58944,19.624296,90.4162,95.24467,63.85039,63.850395,87.412796
71.23665,71.23664,-19.268456,21.365004,91.61186,57.045216,34.079693,123.52926,18.65311,89.69743,93.85952,55.941833,55.941833,83.99022
188.13359,188.13359,-19.131756,17.870005,165.09367,62.703667,37.613937,97.7231,13.231347,98.42591,105.151474,23.196257,23.196257,35.20754
216.50824,216.50824,-18.664448,17.15673,174.51047,63.10217,38.0976,97.93326,13.592521,99.89541,105.37046,21.73173,21.73173,32.46521
145.75111,145.75111,-16.689854,15.34877,151.27266,62.790627,37.795616,97.23452,13.204231,99.15871,105.16858,23.697422,23.697424,35.02865
190.91507,190.91507,-16.6946,15.517931,181.58351,63.606247,37.196964,97.406044,13.571446,100.700165,104.93243,20.38945,20.38945,31.068628
302.871,302.87097,-22.808022,21.516726,196.55989,62.8217,34.350838,88.23109,17.478748,96.40988,101.06942,15.909543,15.909546,25.041954
352.35712,352.35712,-23.295654,22.361103,213.81416,63.298397,34.250256,90.19422,17.919216,96.682236,101.36666,20.02525,20.02525,25.565096
348.83755,348.83755,-23.615744,22.435501,223.7637,63.72082,34.219547,91.01116,18.189095,96.94576,101.52126,20.974266,20.974266,25.171337
311.5477,311.5477,-23.29687,21.704906,206.38152,63.239822,35.202,92.42995,16.407913,97.03633,102.57723,16.979721,16.979721,26.421787
179.175,179.175,-23.995161,22.659172,166.75168,57.672874,36.79371,107.16292,18.469091,76.1155,118.009094,17.958265,17.958261,27.142952
225.51457,225.51456,-24.72553,24.327538,191.60262,58.188736,36.13871,106.57319,18.98314,77.90426,117.9378,18.09859,18.09859,28.516853
222.17628,222.17628,-22.562962,21.671257,203.35583,58.262527,35.464695,104.69795,19.528019,77.25061,116.88802,20.642061,20.642065,30.860586
192.46808,192.46808,-24.80085,23.411707,208.3477,58.2327,36.05143,104.716705,19.321548,78.143265,117.4901,19.90522,19.905222,30.32076
166.51234,166.51234,-21.375328,21.015394,161.56647,58.624645,35.12051,124.43881,18.268484,91.97576,96.5012,63.431793,63.43179,93.70356
154.2676,154.2676,-22.36282,20.31469,160.42326,58.919872,34.28046,120.98067,20.480513,91.35432,96.32604,65.540886,65.540886,92.12698
165.54427,165.54425,-22.24662,20.920483,141.413,58.69552,35.201897,127.841736,18.418365,92.66066,96.463806,74.18243,74.18242,97.86286
128.07245,128.07243,-20.679438,19.596056,135.62407,59.18999,35.86394,123.32008,18.278782,92.78918,97.79213,66.30481,66.30481,96.47957
142.9103,142.9103,-21.811165,20.120644,163.77843,61.155605,37.10707,113.0238,21.483429,95.940125,102.741,26.642544,26.642542,36.810646
161.27538,161.27536,-20.782848,20.37384,174.86365,61.380558,36.33695,115.39203,22.422558,96.402725,101.07222,31.476643,31.47664,40.747555
157.69511,157.69511,-19.677677,19.275133,157.85648,61.198795,37.22908,114.516884,21.25028,97.75381,102.01189,23.722174,23.72217,33.765133
174.17256,174.17256,-18.400322,17.792408,168.72635,61.02966,36.619442,112.77402,21.022903,96.144005,101.684944,27.357443,27.35744,36.92686
184.62788,184.62788,-18.332521,18.417194,183.5011,0.0,0.0,0.0,0.0,0.0,0.0,25.696325,25.696327,36.177544
169.52444,169.52444,-21.128086,20.8445,159.3017,58.03696,35.347946,112.879906,23.030418,91.90279,97.70758,26.171524,26.171524,33.926857
159.17038,159.17038,-15.055803,14.406936,162.65694,58.787624,35.655365,113.78331,21.686388,92.98738,98.15503,27.621815,27.62181,33.981934
154.05048,154.05048,-15.193038,15.057273,152.0001,59.18885,35.609127,113.90492,21.21658,93.54079,98.378235,33.535202,33.535206,34.78266
135.25385,135.25386,-27.119785,25.84707,179.7809,0.0,0.0,0.0,0.0,0.0,0.0,17.878916,17.878916,27.559935
149.25146,149.25145,-28.11884,26.135632,190.78508,55.551357,30.426243,104.90075,29.815681,76.136505,107.83107,20.807547,20.807547,31.86297
173.55154,173.55154,-26.660051,26.565224,196.64978,55.41358,30.13787,109.95493,29.822462,75.53597,106.348206,19.823292,19.82329,31.145056
118.9552,118.9552,-23.671747,22.814236,158.4204,55.504147,30.11359,101.67938,30.299809,74.00212,107.862335,19.569662,19.569662,30.863382
125.426445,125.426445,-23.941685,23.736183,144.16568,54.61249,28.679247,117.39968,28.746483,80.780975,83.31381,83.97259,83.97258,114.65166
113.00172,113.00172,-20.866816,20.055286,132.45517,54.85569,28.465601,120.73594,28.51019,80.158356,84.70293,71.694374,71.694374,105.06486
110.23121,110.23121,-19.546339,19.259928,125.72206,54.734543,27.56957,117.928474,27.33878,79.36325,82.95453,60.756172,60.756172,91.57928
125.66573,125.665726,-20.601784,20.596691,133.66043,54.555588,27.894121,123.5125,28.855556,79.65222,83.47519,69.85423,69.854225,102.60994
117.89404,117.89404,-15.449753,16.05674,116.27225,68.14369,39.495358,104.23266,22.073284,104.729385,115.29316,32.476856,32.476856,44.676964
112.05804,112.058044,-15.719856,16.478884,122.3844,68.35766,40.7906,106.67135,20.530594,106.03369,116.38198,34.97499,34.97499,48.67861
105.02596,105.02596,-16.08521,16.335068,112.34468,67.38487,39.02054,103.361855,20.99248,104.50145,113.28866,32.293903,32.293907,45.415802
113.68591,113.68591,-15.167079,15.5325165,125.25976,67.47131,39.879955,104.52269,20.288492,104.67919,113.63624,35.684505,35.684505,49.848484
112.817505,112.817505,-14.714186,14.875452,146.46759,66.86566,36.80143,100.20525,23.004564,100.9946,108.91421,31.686197,31.686197,47.572903
110.60599,110.60599,-13.464342,14.361288,140.6014,67.02063,37.57656,100.0254,22.92178,101.3508,110.77593,30.612019,30.612019,44.740128
119.34087,119.34087,-15.337022,16.021957,156.94301,67.44826,37.84398,103.6239,21.044603,102.06759,110.108025,32.625183,32.625175,46.87478
110.86843,110.86843,-13.271114,13.763624,139.23793,67.22459,39.140667,105.918724,20.107342,101.175285,112.667206,34.44289,34.44289,46.2749
105.04591,105.04591,-16.355858,15.6843405,115.29915,63.56807,34.056614,88.74622,29.309439,94.86777,105.943054,24.86606,24.866058,36.76672
109.74785,109.74785,-17.710854,18.070408,120.81653,63.923767,34.246246,91.7807,29.074297,95.15861,107.34221,26.490326,26.490328,40.13625
98.63224,98.63224,-16.62221,15.96767,105.06766,64.206345,33.63613,88.52601,32.5856,95.6622,105.27006,26.885399,26.885399,37.12191
107.348915,107.348915,-14.381044,14.935115,119.02002,64.4155,33.848045,89.243996,30.91869,95.70748,106.10923,32.226303,32.226303,45.01095
90.49298,90.49298,-17.714777,18.49908,102.10661,62.910244,31.825878,107.71943,25.617184,93.94095,98.209885,87.61984,87.61984,134.63762
81.15995,81.15996,-16.716,16.458565,96.435715,62.428936,32.27874,113.215324,25.177189,94.10548,97.70567,95.4718,95.4718,148.86882
87.10135,87.10135,-16.903778,17.557117,100.377815,62.15006,31.93405,113.47983,25.34112,93.42592,97.227104,93.057884,93.057884,137.75461
81.6125,81.6125,-15.656157,16.608595,92.67666,61.944443,32.35093,114.69348,24.317083,93.68145,96.255295,78.07768,78.07768,116.64511
119.65876,119.65876,-16.657644,15.652066,108.722206,58.0212,42.18799,113.45898,10.741274,100.878006,101.9003,55.887352,55.887352,71.90111
103.3101,103.3101,-14.276677,13.662214,83.32618,58.077763,42.290516,115.7944,10.569771,100.949974,101.81526,47.695953,47.695953,62.416454
104.32727,104.32727,-14.911284,14.292957,75.26011,57.87932,42.12152,112.22661,10.42655,100.91191,101.741585,43.49947,43.49947,58.921284
104.875885,104.87589,-15.990115,15.303511,77.42547,57.856396,42.130398,109.334915,10.443069,100.9241,102.04397,58.127403,58.1274,69.02989
143.51997,143.51999,-17.151604,16.22345,129.63603,0.0,0.0,0.0,0.0,0.0,0.0,42.16205,42.162045,60.706738
118.16676,118.16676,-13.582561,13.064654,94.051346,0.0,0.0,0.0,0.0,0.0,0.0,55.377193,55.377193,70.576706
117.47806,117.47806,-14.680845,13.978359,103.485565,57.86801,41.889835,116.96751,11.033133,100.457214,100.97891,49.04743,49.047424,60.43992
111.868614,111.868614,-13.889802,13.975229,92.77581,0.0,0.0,0.0,0.0,0.0,0.0,54.024582,54.024582,63.17969
85.03953,85.03953,-17.46272,15.476845,104.13096,53.040154,40.710934,110.94142,13.378639,78.19923,113.98162,24.314987,24.314987,33.982883
90.88398,90.88398,-16.844051,15.806133,102.16368,53.346878,40.19688,112.089836,13.719532,77.886925,114.878075,27.97763,27.977629,40.427055
91.44061,91.44062,-14.231532,13.453311,91.198906,53.46525,40.63994,112.4566,15.120718,77.3668,116.01906,28.074978,28.074984,39.056625
79.81884,79.81884,-16.705418,15.941654,81.7646,53.56292,41.694824,114.769325,13.684023,78.694214,117.12657,30.505253,30.505253,43.41251
142.96027,142.96028,-15.976703,15.322451,104.29548,53.388676,33.93913,104.3808,15.022125,87.71851,92.79041,133.57219,133.5722,185.9362
143.25974,143.25974,-16.655811,15.670633,103.11317,53.130207,33.404545,100.36837,16.142859,86.460266,91.352234,128.48412,128.48412,174.72488
131.19322,131.19324,-15.000294,13.668586,100.7489,53.305073,33.818943,101.55854,15.008108,86.943695,94.31298,116.92035,116.92036,154.28998
129.73238,129.73238,-14.148196,13.458987,98.16745,53.068375,33.197273,100.42954,15.700879,85.48848,92.06973,133.65846,133.65846,174.68375
128.55864,128.55864,-18.651875,17.86844,119.89845,64.305016,31.871832,106.862915,28.44489,92.149574,102.6983,28.685987,28.685987,43.021694
111.63132,111.63131,-18.168087,17.42272,98.536766,63.435196,32.162754,101.80167,27.095232,92.70453,99.34309,29.730509,29.730509,43.115913
109.657616,109.657616,-19.000496,18.327225,106.867615,63.90369,32.180397,103.83182,27.077185,93.19018,99.01866,30.488781,30.488781,46.01494
109.440315,109.440315,-19.62045,18.47539,104.4447,64.59093,32.711277,106.08203,27.485222,94.58422,102.45293,28.775923,28.77592,44.49217
93.490906,93.490906,-16.510145,15.600075,75.87626,61.830357,33.557907,105.70164,23.534645,90.925545,99.40914,28.290121,28.290125,38.134422
82.73847,82.73847,-15.504767,15.629135,73.12042,61.64626,34.56011,108.50135,21.119837,93.58606,99.204544,33.373047,33.373047,43.557507
77.380585,77.38058,-17.620918,17.200354,76.99787,61.31735,32.98492,109.84117,23.436558,90.05275,102.16651,31.33492,31.334919,41.865276
89.9987,89.9987,-20.360748,19.671543,89.21436,62.157566,34.523254,117.023865,22.128216,92.46298,105.97356,35.605705,35.6057,45.470024
66.9819,66.9819,-14.335335,13.996973,63.734806,56.09268,30.77547,97.66273,26.533272,69.21712,110.35947,14.32089,14.320892,21.817291
65.22893,65.22893,-14.236944,13.993909,72.680954,56.238106,30.143444,93.78726,32.132515,70.14687,108.39733,12.519556,12.519558,19.253359
66.82077,66.82076,-13.6595,12.928883,66.252815,56.30973,30.425102,96.1966,30.608744,70.01154,109.4093,11.244163,11.244163,17.531305
69.70517,69.70517,-14.13414,13.750082,73.45327,56.472614,31.189213,97.500336,29.980957,70.43049,111.82216,12.698296,12.698294,19.576967
77.61627,77.61627,-18.804062,18.997488,77.81571,57.603493,28.1969,106.225525,25.63831,83.357025,87.28372,114.65965,114.65965,137.49077
73.89524,73.89524,-18.71284,18.237385,77.143005,57.29419,28.322165,112.99527,25.387241,83.04347,87.240845,97.044785,97.044785,128.02667
78.55757,78.55757,-17.729279,17.867722,66.95038,57.299755,28.359238,102.669586,24.722422,83.19907,87.12339,92.371925,92.37195,128.54448
70.834045,70.834045,-18.830452,18.282495,72.77812,57.317,28.284182,105.80174,24.922607,82.5526,87.65037,109.523384,109.523384,127.69012
124.70324,124.70324,-21.71979,23.60247,148.8885,66.68894,32.623333,88.64911,28.775864,99.41623,101.579414,21.17661,21.17661,33.0104
133.96799,133.96799,-18.612404,19.740496,148.57216,66.99117,32.202755,87.63297,28.217602,99.32988,102.0592,20.435614,20.435612,31.831215
122.998116,122.99811,-18.345673,18.826138,141.03293,66.72196,32.41725,88.90037,28.160332,99.34086,101.35371,19.382229,19.382227,31.105354
114.155106,114.155106,-19.078875,21.307615,130.20747,66.5247,33.491127,88.53164,27.300093,99.671234,101.95593,23.333426,23.333422,33.031525
99.75183,99.75182,-16.86094,17.668297,111.36433,65.5493,33.714737,93.884895,29.024282,97.36887,104.22802,20.040573,20.040573,30.088808
138.38406,138.38406,-16.085968,17.140224,158.8173,67.1599,31.650913,92.39058,30.34068,98.46183,100.6331,19.75235,19.752348,29.565178
126.21076,126.21076,-13.900467,14.09325,150.45592,67.19266,32.443027,93.31142,30.4634,99.259,102.43591,19.4048,19.404802,30.230175
118.464966,118.46496,-13.59872,13.457549,117.992,65.993164,34.17877,91.34079,26.617237,99.39575,103.53222,21.765013,21.76501,31.072304
183.28418,183.28416,-22.757727,23.744686,205.74663,62.75967,31.883238,95.16843,28.229889,85.31188,113.17463,19.374037,19.374035,30.227554
171.25089,171.25089,-21.70708,22.317146,199.99014,61.768166,31.230095,94.64669,28.203873,81.9306,113.29077,17.644737,17.644737,28.159256
172.59956,172.59956,-18.866396,19.724913,183.14734,61.859474,31.866047,98.143616,29.749924,80.55383,115.16854,18.720814,18.720814,29.536291
164.96155,164.96155,-18.159803,18.969873,186.37556,61.825745,31.116663,95.41813,29.988575,79.2359,114.37635,18.067865,18.067863,28.993446
104.248535,104.248535,-13.219705,13.660894,105.109726,60.63049,34.798016,119.08256,22.81492,95.19667,99.27529,90.22323,90.22323,118.14957
113.8522,113.8522,-15.885146,16.531946,118.09655,60.33189,34.350742,114.18581,24.078707,94.4188,98.50231,94.47493,94.47493,126.91007
118.17495,118.17495,-16.767132,17.223063,131.61267,60.343647,33.798782,114.872765,24.381437,93.59497,99.2896,88.6911,88.69111,121.8877
105.982216,105.982216,-14.631181,14.468947,110.48672,60.254105,34.35721,116.0025,22.806013,94.253654,100.13805,85.30641,85.30641,126.01899
